Mentor_ID,Name,Expertise,Max_Students,Current_Load
M1,Mentor_1,Academic,9,1
M2,Mentor_2,Career,14,0
M3,Mentor_3,Academic,15,6
M4,Mentor_4,Academic,11,7
M5,Mentor_5,Wellness,12,1
M6,Mentor_6,Career,14,2
M7,Mentor_7,Academic,11,7
M8,Mentor_8,Career,8,2
M9,Mentor_9,Academic,11,4
M10,Mentor_10,Career,13,1
M11,Mentor_11,Career,10,1
M12,Mentor_12,Career,11,4
M13,Mentor_13,Wellness,14,2
M14,Mentor_14,Career,9,1
M15,Mentor_15,Career,13,0
M16,Mentor_16,Academic,9,5
M17,Mentor_17,Academic,12,0
M18,Mentor_18,Academic,13,0
M19,Mentor_19,Wellness,8,1
M20,Mentor_20,Academic,11,0
M21,Mentor_21,Wellness,10,4
M22,Mentor_22,Career,9,0
M23,Mentor_23,Wellness,11,1
M24,Mentor_24,Career,12,3
M25,Mentor_25,Academic,8,6
M26,Mentor_26,Academic,14,5
M27,Mentor_27,Wellness,11,4
M28,Mentor_28,Wellness,15,4
M29,Mentor_29,Career,15,4
M30,Mentor_30,Career,13,5
M31,Mentor_31,Career,13,3
M32,Mentor_32,Career,15,1
M33,Mentor_33,Wellness,13,1
M34,Mentor_34,Academic,14,0
M35,Mentor_35,Academic,15,0
M36,Mentor_36,Academic,14,5
M37,Mentor_37,Academic,12,6
M38,Mentor_38,Academic,10,0
M39,Mentor_39,Career,9,2
M40,Mentor_40,Wellness,11,1
M41,Mentor_41,Wellness,15,4
M42,Mentor_42,Career,13,0
M43,Mentor_43,Wellness,13,2
M44,Mentor_44,Wellness,13,7
M45,Mentor_45,Career,15,4
M46,Mentor_46,Career,10,7
M47,Mentor_47,Academic,8,3
M48,Mentor_48,Career,15,7
M49,Mentor_49,Wellness,9,6
M50,Mentor_50,Academic,8,2
